,brand,product,price
0,Fire-Boltt,Starlight Bluetooth Smartwatch,Rs. 1599
1,pebble,"Women 1.27"" Smart Watch",Rs. 2299
2,boAt,Unisex Wave Genesis Smartwatch,Rs. 1899
3,NOISE,Fit Posh Smartwatch,Rs. 1799
4,pebble,"Cosmos Ultra 1.91"" BT Calling Smartwatch",Rs. 1599
5,CMF by Nothing,Watch Pro,Rs. 3499
6,pebble,"Celia 1.32"" Display SmartWatch",Rs. 2299
7,Fire-Boltt,Hurricane Smartwatch,Rs. 1700
8,pebble,"Women 1.27"" Smart Watch",Rs. 2299
9,Fire-Boltt,Rock AMOLED Display Smartwatch,Rs. 3199
10,Fire-Boltt,"Eclipse Luxe 1.43"" Amoled",Rs. 1799
11,boAt,Ultima Prism Smart Watch,Rs. 2349
12,NOISE,Mettle EliteEdition Smartwatch,Rs. 2249
13,boAt,Lunar Mirage Smartwatch,Rs. 1599
14,Fire-Boltt,Hulk 1.78 inch Smartwatch,Rs. 1799
15,pebble,"Hive 1.39"" Display Smart Watch",Rs. 1699
16,NOISE,Fit Posh Smartwatch,Rs. 1799
17,Fire-Boltt,Supernova Bluetooth SmartWatch,Rs. 1899
18,pebble,"Cosmos Ultra 1.91"" BT Calling Smartwatch",Rs. 1599
19,Fire-Boltt,Aura BT Calling Smartwatch,Rs. 1999
20,NOISE,Fit Posh Smartwatch,Rs. 1799
21,Fire-Boltt,Cobra AMOLED Smart Watch,Rs. 1899
22,Realme,TechLife Watch S100,Rs. 2499
23,NOISE,ColorFit Icon 2 Smartwatch,Rs. 1799
24,Fire-Boltt,"Eclipse Luxe 1.43"" Amoled",Rs. 1999
25,boAt,Storm Plus AMOLED Smart Watch,Rs. 1899
26,pebble,Cosmos Quest Smartwatch,Rs. 2499
27,NOISE,ColorFit Icon 2 Smartwatch,Rs. 1799
28,Fire-Boltt,Hulk 1.78 inch Smartwatch,Rs. 1799
29,HAMMER,Unisex Pulse 2.0 Smart Watch,Rs. 1849
30,NOISE,ColorFit Pro 5 Smartwatch,Rs. 3999
31,boAt,Unisex Wave Genesis Smartwatch,Rs. 1899
32,CMF by Nothing,Watch Pro,Rs. 3499
33,CMF by Nothing,Watch Pro,Rs. 3499
34,NOISE,NoiseFit Evolve 3 Smartwatch,Rs. 2449
35,Fire-Boltt,Hurricane Smartwatch,Rs. 1899
36,Timex,iConnect Gen+ Smart Watch,Rs. 2527
37,Fire-Boltt,Hurricane Smartwatch,Rs. 1850
38,Realme,TechLife Watch S100,Rs. 2499
39,pebble,BT Calling Luxury Smartwatch,Rs. 1999
40,NOISE,ColorFit Vision 3 Smartwatch,Rs. 3499
41,Fire-Boltt,Visionary TWS Smartwatch,Rs. 2499
42,boAt,Unisex Ultima Prism Smartwatch,Rs. 2349
43,pebble,"Cosmos Ultra 1.91"" BT Calling Smartwatch",Rs. 1599
44,boAt,Lunar Connect Ace,Rs. 1999
45,NOISE,Evolve 3 Smartwatch,Rs. 2449
46,Fire-Boltt,Avalanche Luxury Smart Watch,Rs. 2199
47,boAt,Unisex Ultima Prism Smartwatch,Rs. 2599
48,Fastrack,FS2 BT Calling Smartwatch,Rs. 1999
